type,code,content
alarm,01,Limit switch is ascent limit of Sub-arm is ON. Please check the work status and wiring of X11 abnormal ascent limit of Sub-arm (X11) limit. is not OFF. X11 is abnormal.
alarm,02,Limit switch is ascent limit of main arm is ON. Please check the work status and wiring of X03 abnormal ascent limit of main arm (X03) limit. is not OFF. X03 is abnormal.
alarm,03,"Limit switch is ascent limit, it is OFF when the Please check the work status and wiring of ascent abnormal mould is opened limit and input (MO) of forming machine. It is OFF when ascent limit (X03,X11) and mould is opened (MO/X33)"
alarm,04,Limit switch is ascent limit of Sub-arm is OFF. Please check the work status and wiring of X11 abnormal X11 is OFF under the limit. circumstance that (FCS) mode for Sub-arm take-out is not used
alarm,05,Limit switch is ascent limit of main arm is Please check the work status and wiring of X03 abnormal OFF. limit. X03 is OFF under the circumstance that (FCW) mode for main arm take-out is not used
alarm,06,Limit switch is ascent limit of Sub-arm is OFF Please check the work status and wiring of X11 abnormal ascent limit of Sub-arm (X11) limit. is not ON when the movement of upper and lower axis of Sub-arm at ascent position is completed
alarm,07,Limit switch is ascent limit of main arm is OFF Please check the work status and wiring of X03 abnormal ascent limit of main arm (X03) limit. is not ON when the movement of upper and lower axis of main arm at ascent position is completed
alarm,08,"Limit switch is ascent limit of Sub-arm is ON Please check the work status and wiring of X11 abnormal The decline of upper and lower limit, as well as the set value of the clamp position axis of Sub-arm is completed for take-out of upper and lower axis of Sub-arm. when the ascent limit of Sub-arm (X11) is ON"
alarm,09,"Limit switch is ascent limit of main arm is ON Please check the work status and wiring of X03 abnormal The decline of upper and lower limit, as well as the set value of the clamp position axis of main arm is completed for take-out of upper and lower axis of main arm. when the ascent limit of main arm (X03) is ON"
alarm,10,"Limit switch is Circulation starts, it is OFF Please check the work status of output and relay abnormal when mould is opened circuit when circulation starts; and the wiring of Circulation start (RY-3) is not interlocking signal of circuit and between output knockout machine~ injection molding machine But it is OFF when mould is when mould is opened. opened (MO/X33)"
alarm,11,Limit switch is Pulling limit OFF@ Please check the work status and wiring of limit. abnormal
alarm,12,"Limit switch is Take-out side, release side area, Please check the work status and wiring of ascent abnormal ascent limit is OFF limit. Program limit of take-out side Please check the set value of program limit of area, ascent limit (X03, X11) take-out side area and program limit of release side and program limit of release area side area is OFF"
alarm,13,Setting is abnormal The take-out side area and Please check the set value of program limit of release side area is ON take-out side area and program limit of release side Program limit of take-out side area area and program limit of release side area is ON
alarm,14,Setting is abnormal Program limit of take-out side Please check the set value of program limit of area is OFF take-out side area and the set value of take-out side Program limit of take-out side of traveling axis. area is not ON when the movement of travelling body at the standby position of take-out side is completed
alarm,15,Setting is abnormal Program limit of release side Please check the set value of program limit of area is OFF release side area and the set value of release side of Program limit of release side traveling axis. area is not ON when the movement of travelling body is completed
alarm,16,"Limit switch is Posture return limit amd Please check posture return, action limit and the abnormal action limit is ON work status and wiring. Posture return limit (X08) and posture action limit (X09) is ON"
alarm,17,Limit switch is Interference prevention limit Please change the interference set value of front abnormal (X16) is ON and rear axis of main arm and front and rear axis of Sub-arm Please avoid it when free operation.
alarm,18,"Limit switch is Air pressure switch is OFF. Please check the work status of vacuum gauge, the abnormal Air pressure is abnormal (low). pressure of air device, the work status and wiring of air pressure switch."
alarm,19,Limit switch is Safety (OD) of release side is Please make the safety door at release side closed abnormal OFF reliably. Safety door of release side is Please check the wiring of interlocking signal open when OD is not ON. The decline action of arm at traveling and release side cannot be performed.
alarm,20,Input of injection Safety door (MD) is OFF Please check whether the safety door of injection molding machine is The safety door of injection molding machine at operation side and abnormal molding machine is open. anti-operation side is closed completely; and check The decline action of arm at the wiring of interlocking signal between knockout take-out side cannot be machine ~ injection molding machine when MD is performed. not ON.
alarm,21,Mould open limit is (MO) is ON when mould of Please check the work status of output and relay overtime injection molding machine is circuit of circulation start signal; and the wiring of opened interlocking signal of circuit and between knockout (MO) is not OFF when mould machine~ injection molding machine when mould of injection molding machine is is opened. opened from start of output circulation of knockout machine.
alarm,22,Input of injection It is simultaneously ON when Input of injection molding machine is abnormal. molding machine is mould is opened and closed Please check the wiring of interlocking signal of abnormal It is simultaneously ON when circuit and between between knockout machine~ mould of injection molding injection molding machine when mould is opened/ machine is opened (MO) and closed. closed (MC).
alarm,23,Product release Product confirmation (X04) Please perform point inspection for the action OFF status and wiring of X04 limit switch. Product falls off when the product is transported to release side.
alarm,24,Product release In-clamp product confirmation Please perform point inspection for the action (X06) OFF status and wiring of X06 limit switch. Product falls off when the product is transported to release side.
alarm,25,"Product release vacuum confirmation (X05) After point inspection is performed for sucker and OFF tubing, perform point inspection for the set value Product falls off when the action status and wiring of vacuum generation unit product is transported to release and vacuum confirming pressure. side."
alarm,26,runner release runner confirmation (X12) OFF Please perform point inspection for the action runner falls off when status and wiring of X12 limit switch. transporting to Sub-arm open position.
alarm,27,"Product release vacuum confirmation 2(X13) After point inspection is performed for sucker and OFF tubing, perform point inspection for the set value Product falls off when the action status and wiring of vacuum generation unit product is transported to release and vacuum confirming pressure. side."
alarm,28,"Setting is abnormal Take-out side limit (X19) OFF Please perform point inspection for the action Take-out side limit (X19) is not status and wiring of X19 limit switch, and change ON when travelling body is at the set value of traveling axis. standby position of take-out side."
alarm,29,Clamp error Product confirmation (X04) Please perform point inspection for the action OFF status and wiring of X04 limit switch. Product confirmation (X04) OFF Clamp error
alarm,30,Clamp error In-clamp product confirmation Please perform point inspection for the action (X06) OFF status and wiring of X06 limit switch. In-clamp product confirmation (X06) OFF Clamp error
alarm,31,Clamp error vacuum confirmation (X05) Please perform point inspection for the set value OFF and wiring of vacuum generation unit and vacuum vacuum confirmation (X05) confirmation after point inspection for sucker and OFF Clamp error tubing.
alarm,32,Clamp error runner confirmation (X12) OFF Please perform point inspection for the error status runner confirmation (X12) OFF and wiring of X12 limit Clamp error
alarm,33,Clamp error vacuum confirmation 2(X13) Please perform point inspection for the set value OFF Clamp error and wiring of vacuum generation unit and vacuum confirmation after point inspection for sucker and tubing.
alarm,35,Product open error Product confirmation (X04) is Please perform point inspection for the action not OFF status and wiring of X04 limit switch Product open error
alarm,36,Product open error In-clamp product confirmation Please perform point inspection for the action (X06) is not OFF status and wiring of X06 limit switch Product open error
alarm,37,Product open error vacuum confirmation (X05) is The set value action status and wiring of vacuum not OFF confirmation (X05) Product open error
alarm,38,runner open error runner confirmation (X12) is Please perform point inspection for the action not OFF status and wiring of X12 limit switch runner open error
alarm,39,Product open error vacuum confirmation 2(X13) is The set value action status and wiring of vacuum not OFF confirmation 2(X13) Product open error
alarm,41,"Limit switch is Swinging return limit (X17) Please perform point inspection for the action abnormal and swinging action limit (X18) status and wiring of X17, X18 limit switch is on simultaneously"
alarm,42,"Limit switch is Program limit of release side Input of injection molding machine is abnormal. abnormal area is OFF simultaneously Please perform point inspection for the wiring of when mould is opened interlocking signal when mould of injection When program limit of release molding machine is opened and between the side area is OFF, mould is knockout machine and injection molding machine. opened (MO/X33) OFF"
alarm,43,Limit switch is Clamp installation confirmation Please confirm that the clamp is installed. abnormal OFF Please confirm the installation wiring on clamp exchange unit (OX).
alarm,44,Limit switch is Posture return limit (X08) is not Check the switching status when output of posture abnormal ON return electromagnetic valve (Y07) and the work status and wiring of X08 limit switch.
alarm,49,"Limit switch is ascent limit (X03, X11) and Please perform point inspection for the action abnormal posture return limit (X08) status and wiring of posture return limit switch."
alarm,50,Setting is abnormal Program limit of take-out side Please check the set value of program limit of area is not ON when the take-out side area and the set value of traveling movement of travelling body to axis at slide and take-out position. take-out side is completed
alarm,51,Offside switch is Traveling offside switch Please check whether the traveling offside switch abnormal POT1 OFF POT1 is abnormal. Machine position exceeds the safe area Please enter into the free operation screen to execute free operation to make the machine moved to safe area
alarm,52,Offside switch is Offside switch in front and Please check whether the offside switch in front abnormal behind main arm POT2 is OFF and behind main arm POT2 is abnormal. Machine position exceeds the safe area Please enter into the free operation screen to execute free operation to make the machine moved to safe area
alarm,53,Offside switch is Offside switch in front and Please check whether the offside switch in front abnormal behind Sub-arm POT3 is OFF and behind Sub-arm POT3 is abnormal. Machine position exceeds the safe area Please enter into the free operation screen to execute free operation to make the machine moved to safe area
alarm,54,Offside switch is Offside switch in upper and Please check whether the offside switch in upper abnormal lower main arm POT4 is OFF and lower main arm POT4 is abnormal. Machine position exceeds the safe area Please enter into the free operation screen to execute free operation to make the machine moved to safe area
alarm,55,Offside switch is Offside switch in upper and Please check whether the offside switch in upper abnormal lower Sub-arm POT5 is OFF and lower Sub-arm POT5 is abnormal. Machine position exceeds the safe area Please enter into the free operation screen to execute free operation to make the machine moved to safe area
alarm,60,Cycle overtime Traveling axis does not move to Please confirm the overall speed and the speed the set value. setting of the points. Please confirm the set value of cycle monitoring timer (T23).
alarm,61,Cycle overtime The front and rear position of Please confirm the overall speed and the speed main arm does not move to the setting of the points. set value. Please confirm the set value of cycle monitoring timer (T23).
alarm,62,Cycle overtime The upper and lower axis of Please confirm the overall speed and the speed main arm does not move to the setting of the points. set value. Please confirm the set value of cycle monitoring timer (T23).
alarm,63,Cycle overtime The front and rear position of Please confirm the overall speed and the speed Sub-arm does not move to the setting of the points. set value. Please confirm the set value of cycle monitoring timer (T23).
alarm,64,Cycle overtime The upper and lower axis of Please confirm the overall speed and the speed Sub-arm does not move to the setting of the points. set value. Please confirm the set value of cycle monitoring timer (T23).
alarm,65,Cycle overtime Posture axis does not move to Please confirm the overall speed and the speed the set value. setting of the points. Please confirm the set value of cycle monitoring timer (T23).
alarm,66,Cycle overtime Revolving axis does not move Please confirm the overall speed and the speed to the set value. setting of the points. Please confirm the set value of cycle monitoring timer (T23).
alarm,68,Cycle overtime Posture return limit (X08) is not Confirm the action of posture cylinder by manual ON operation. Please adjust the speed of speed control valvefor posture return and perform point inspection for the action status and wiring of X08 limit switch.
alarm,69,Cycle overtime Posture action limit (X09) is Confirm the action of posture cylinder by manual not ON operation. Please adjust the speed of speed control valvefor posture return and perform point inspection for the action status and wiring of X09 limit switch.
alarm,70,"Cycle overtime Decline command of release Decline action cannot be performed at release side. side (RD) is not ON Please confirm the signal of linking device, and the"
alarm,71,"Cycle overtime Centre forward limit (ME) is Please confirm the action of centre by manual not ON operation. wiring between point inspection device and knockout machine. Perform point inspection for the action status and wiring of ME limit switch. When the injection molding machine side has no abnormal phenomenon, please perform point inspection for the signal interlocking wiring between injection molding machine and knockout machine."
alarm,72,not ON operation. Cycle overtime Swinging return limit (X17) is Confirm the action of posture cylinder by manual
alarm,73,
alarm,74,
alarm,75,
alarm,080,
alarm,081,Please adjust the speed of speed control valvefor swinging return and perform point inspection for the action status and wiring of X17 limit switch. Cycle overtime Swinging action limit (X18) is Confirm the action of posture cylinder by manual not ON operation. Please adjust the speed of speed control valvefor action return limit and perform point inspection for the action status and wiring of X18 limit switch. Cycle overtime Mould open signal is not OFF Detect whether the mould open signal is abnormal within the set time Or whether the program instruction signal is abnormal and it make the program not continue Cycle overtime Mould open signal is not ON Detect whether the mould open signal is abnormal within the set time Or whether the program instruction signal is abnormal and it make the program not continue Forming machine Full-automatic signal MA of Running status and interlocking wiring of forming automatic abnormal forming machine is abnormal machine Forming machine exists from automatic status Centre forward No mould open completion Please check the mould open completion signal or abnormal signal the set cycle period is too short Centre forward cannot be executed Program instruction Before the product is Please check whether product confirmation
alarm,082,abnormal confirmed@ detection command is omitted before mould close Mould close output is allowed signal is output in the instruction program. Point setting is Interference prevention Please confirm the set value of front and rear axis
alarm,91,"abnormal memory ON of main arm, and the front and rear axis of"
alarm,100,
alarm,101,
alarm,102,
alarm,103,
alarm,104,
alarm,105,Clamp error vacuum confirmation 1(X05) Please perform point inspection for the set value Sub-arm. abnormal Clamp error and wiring of vacuum generation unit and vacuum confirmation after point inspection for sucker and tubing. Clamp error vacuum confirmation 2(X13) Please perform point inspection for the set value abnormal Clamp error and wiring of vacuum generation unit and vacuum confirmation after point inspection for sucker and tubing. Clamp error vacuum confirmation 3(X64) Please perform point inspection for the set value abnormal Clamp error and wiring of vacuum generation unit and vacuum confirmation after point inspection for sucker and tubing. Clamp error vacuum confirmation 4(X65) Please perform point inspection for the set value abnormal Clamp error and wiring of vacuum generation unit and vacuum confirmation after point inspection for sucker and tubing. Clamp error Product confirmation 1(X04) Please perform point inspection for the signal and abnormal Clamp error wiring of product confirmation 1(X04). Clamp error Product confirmation 2(X66) Please perform point inspection for the signal and abnormal Clamp error wiring of product confirmation 2(X66).
alarm,106,Clamp error Product confirmation 3(X67) Please perform point inspection for the signal and abnormal Clamp error wiring of product confirmation 3(X67).
alarm,107,Clamp error Product confirmation 3(X67) Please perform point inspection for the signal and abnormal Clamp error wiring of product confirmation 4(X68).
alarm,108,Clamp error Material inlet (X06) abnormal Please perform point inspection for the signal and Clamp error wiring of material inlet confirmation (X06)
alarm,109,Clamp error runner (X12) abnormal Please perform point inspection for the signal and Clamp error wiring of runner confirmation (X12)
alarm,144,"Limit switch is During travel, posture action Please check whether the pressure input for posture abnormal limit (X09) OFF action cylinder is normal; check and confirm the"
alarm,170,"status of electromagnetic valve, as well as the status and wiring of inductive switch (X09) Instruction program The corresponding detection Please check whether the detection command in abnormal has been triggered when the instruction program has error, or whether the electromagnetic valve does not electromagnetic valve control command is act abnormal Instruction program At in-mould posture limit Please check the instruction program@ abnormal mode, posture action cannot be Please make the arm in mould area ascent the"
alarm,171,"instructed when the ascent limit appropriate position, and then instruct the posture of main arm in mould area is action OFF Instruction program At in-mould posture limit Please check the instruction program@ abnormal mode, posture action cannot be Please instruct the posture action when mould open"
alarm,172,"instructed when the ascent limit is completed @ of Sub-arm in mould area is OFF Instruction program At the mode of horizontal Please check the instruction program@ abnormal standby locking limit mould @, Please instruct the posture action when mould open"
alarm,173,posture action cannot be is completed @ instructed when mould open completion signal is not ON @ Limit switch is Program limit of release side Perform point inspection for the safety door circuit abnormal area is OFF of injection molding machine and the signal
alarm,199,Safe door of injection molding interlocking wiring between knockout machine~ machine (MD) is also OFF; injection molding machine. input of injection molding machine is abnormal
axis_alarm,01,ROM/RAM error The electronic part of servo Please exchange the servo driver. driver is found to be abnormal
axis_alarm,08,- Origin limit is not OFF when Please check the action status•wiring of origin limit origin search and connection•wiring of encoder• encoder cable. Please exchange the servo substrate or servo driver if there is no abnormal phenomenon.
axis_alarm,09,Origin limit is ON Origin limit is not OFF after Please check the action status•wiring of origin limit (beyond the origin) leaving the origin and connection•wiring of encoder• encoder cable. Please exchange the servo substrate or servo driver if there is no abnormal phenomenon.
axis_alarm,10,Origin limit is OFF at Origin limit is OFF when origin Please check the action status•wiring of origin limit the origin position movement is completed. and connection•wiring of encoder• encoder cable. Please exchange the servo substrate or servo driver if there is no abnormal phenomenon.
axis_alarm,11,"Offside limit is ON Offside limit is ON Please check the action status•wiring of offside limit and the set value of position. Press [reset] key to eliminate the alarm, and free operation or home return can be used for avoidance."
axis_alarm,32,Absolute origin is not The origin of absolute encoder Please perform origin setting. set is not set.
axis_alarm,33,Communication of Axial CPU and acting CPU Please exchange the servo driver. servo driver is communication is found to be abnormal. abnormal.
axis_alarm,47,TS-NET command Receiving error is detected for Please inspect the communication wiring and receiving is abnormal. TS-NET communication connector.
axis_alarm,49,Driver alarm Alarm is found at driver side Please inspect the driver. ■Alarm
inappropriate_home,90,"When program limit of take-out side area is OFF, please perform home return operation after it is switched over to operation mode at [home return] position."
inappropriate_home,91,Main arm ascent limit (X03) is OFF Please perform home return operation after it is switched over to operation mode at [home return] position.
inappropriate_home,92,Sub-arm ascent limit (X11) is OFF. Please perform home return operation after it is switched over to operation mode at [home return] position.
inappropriate_home,93,Product confirmation (X04) is ON Please open the product after it is switched over to operation mode at [manual operation] position.
inappropriate_home,94,In-clamp product confirmation (X06) is ON. Please open the product after it is switched over to operation mode at [manual operation] position. Inappropriate home vacuum confirmation (X05) is ON
inappropriate_home,95,Please open the product after it is switched over to operation mode at [manual operation] position. Inappropriate home vacuum confirmation (X05) is ON Please open the product after it is switched over to operation mode at [manual operation] position. When fixed and moving switching mode (FCKO) is available When fixed and moving switching mode (FCKO) is available
inappropriate_home,96,Runnert confirmation (X12) is ON Please open the runner after it is switched over to operation mode at [manual operation] position.
inappropriate_home,97,Posture return limit (X08) is OFF Please perform home return operation after it is switched over to operation mode at [home return] position.
inappropriate_home,98,Please execute segment fetch and exchange by manual operation.
inappropriate_home,99,NT scissor pulling (Y13) is ON Please perform home return operation after it is switched over to operation mode at [home return] position.
inappropriate_home,100,Swinging return limit (X17) is OFF Please perform home return operation after it is switched over to operation mode at [home return] position.
inappropriate_home,101,Swinging action limit (X18) is OFF Please perform home return operation after it is switched over to operation mode at [home return] position.
inappropriate_home,102,Release side standby position is OFF When release side Please perform home return operation after it is switched over to operation standby mode mode at [home return] position.
inappropriate_home,103,Program limit of release side area is OFF (FCYT) is available When travel Please perform home return operation after it is switched over to operation standby mode mode at [home return] position.
inappropriate_home,104,Posture action limit (X09) is OFF Please perform home return operation after it is switched over to operation mode at [home return] position.
inappropriate_home,105,"Posture action limit (X09) is OFF home return operation is not executed Convert when manual operation, and please execute posture action. (FCYT) is available When travel standby mode (FCYT) is available"
inappropriate_home,106,Posture action limit is OFF Please make arm return to safe area And then execute posture action.
inappropriate_home,108,vacuum confirmation 2 (X13) is ON Please open the product after it is switched over to operation mode at [manual operation] position.
inappropriate_home,109,Automatic operation cannot be performed. Please perform home return operation after it is switched over to operation mode at [home return] position. Inappropriate home Program limit of release side area OFF
inappropriate_home,110,Please perform home return operation after it is switched over to operation mode at [home return] position. Inappropriate home Program limit of release side area OFF Make the robot travel to release side until program limit of release side area is ON via free operation.
inappropriate_home,111,Clamp confirmation is OFF Please confirm that the clamp is indeed installed after it is switched over to operation mode at [manual operation] position.
inappropriate_home,189,"When horizontal standby locking limit mould mode is used, please set the horizontal status of traverse posture Inappropriate home runner confirmation (X12) is at confirmation status Please open the product after it is switched over to operation mode at [manual operation] position. Inappropriate home Product confirmation (X04) is at confirmation status"
inappropriate_home,190,Please open the product after it is switched over to operation mode at [manual operation] position. Inappropriate home Product confirmation (X04) is at confirmation status Please open the product after it is switched over to operation mode at [manual operation] position. Inappropriate home vacuum confirmation 1 (X05) is at confirmation status
inappropriate_home,191,Please open the product after it is switched over to operation mode at [manual operation] position. Inappropriate home vacuum confirmation 1 (X05) is at confirmation status Please open the product after it is switched over to operation mode at [manual operation] position. Inappropriate home In-clamp confirmation (X06) is at confirmation status
inappropriate_home,192,Please open the product after it is switched over to operation mode at [manual operation] position. Inappropriate home In-clamp confirmation (X06) is at confirmation status Please open the product after it is switched over to operation mode at [manual operation] position. Inappropriate home vacuum confirmation 2(X13) is at confirmation status
inappropriate_home,193,Please open the product after it is switched over to operation mode at [manual operation] position. Inappropriate home vacuum confirmation 2(X13) is at confirmation status Please open the product after it is switched over to operation mode at [manual operation] position. Inappropriate home vacuum confirmation 3(X64) is at confirmation status
inappropriate_home,194,Please open the product after it is switched over to operation mode at [manual operation] position. Inappropriate home vacuum confirmation 3(X64) is at confirmation status Please open the product after it is switched over to operation mode at [manual operation] position. Inappropriate home vacuum confirmation 4(X65) is at confirmation status
inappropriate_home,195,Please open the product after it is switched over to operation mode at [manual operation] position. Inappropriate home vacuum confirmation 4(X65) is at confirmation status Please open the product after it is switched over to operation mode at [manual operation] position.
inappropriate_home,196,vacuum confirmation 2(X66) is at confirmation status Please open the product after it is switched over to operation mode at [manual operation] position. Inappropriate home vacuum confirmation 3(X67) is at confirmation status
inappropriate_home,197,Please open the product after it is switched over to operation mode at [manual operation] position. Inappropriate home vacuum confirmation 3(X67) is at confirmation status Please open the product after it is switched over to operation mode at [manual operation] position. Inappropriate home vacuum confirmation 4(X68) is at confirmation status
inappropriate_home,198,Please open the product after it is switched over to operation mode at [manual operation] position. Inappropriate home vacuum confirmation 4(X68) is at confirmation status Please open the product after it is switched over to operation mode at [manual operation] position.
operation_error,01,"Descent action is not completed. When the action of descent completion is shown, please execute the descent operation."
operation_error,02,"ascent action is not completed. When the action of ascent completion is shown, please execute the ascent operation."
operation_error,03,"It does not move at take-out, lowering position. When the action of standby position completion is shown, please execute the retreat operation."
operation_error,04,"It does not move at ascent position. When the action of ascent position completion is shown, please execute the retreat operation."
operation_error,05,"Not the release and descent position. When the action of descent position completion (at release side) is shown, please execute the traverse operation of releaseside."
operation_error,06,"Not the take-out, descent position When the action of take-out standby position is shown, please execute the travel operation at the take-out side."
operation_error,07,Not the take-out side or release side position Execute the travel operation at the release side or take-out side.
operation_error,08,Program limit of take-out side area and program limit of release side area OFF Execute the travel operation at the release side or take-out side.
operation_error,09,Signal for mould open end (MO/X33) OFF Please fully open the mold.
operation_error,10,Safety door (MD OFF) signal OFF Please close the safety door
operation_error,11,Safety door open (MD OFF) Please close the safety door
operation_error,12,release side safety door open (OD OFF) Please close the safety door at release side
operation_error,13,Sub-arm ascent limit (X11) OFF Please execute ascent operation
operation_error,14,Main arm ascent limit (X03) OFF Please execute the ascent operation
operation_error,15,Posture return limit (X08) OFF Please execute posture return operation.
operation_error,16,Posture action limit (X09) OFF Please execute posture action operation. Scissors are available (FCCN) When mode is ON
operation_error,17,"When ascent operation of arm at take-out side, please start to execute clamp operation"
operation_error,18,Sub-arm take-out mode (FCS) is not used The operation of Sub-arm cannot be executed.
operation_error,19,In-clamp scissor mode (FCCN) is not used Clamp scissor operation cannot be executed.
operation_error,20,Posture action mode (FCSS) is not used Posture action operation cannot be executed.
operation_error,21,Main arm take-out mode (FCW) is not used The operation of main arm cannot be executed.
operation_error,22,Main arm take-out mode (FCW) is not ON and used for Sub-arm of the machine. It cannot be set.
operation_error,23,Sub-arm take-out mode (FCS) is not ON for Sub-arm of the machine. It cannot be set.
operation_error,24,"After it is switched to operatioin mode at [home return] position, please perform home return operation."
operation_error,25,"home return operation is not performed, manual operation Please avoid it by free operation."
operation_error,26,Program limit of release side area OFF Please execute traverse action.
operation_error,27,Swinging return limit (X17) OFF Please execute swinging return operation
operation_error,29,Swinging action limit (X18) OFF Please execute swinging action operation
operation_error,30,Swinging mode 1(FCR1) OFF Swinging operation cannot be executed.
operation_error,31,Swinging mode 2 (FCR2) OFF Swinging operation cannot be executed.
operation_error,32,Swinging mode 3 (FCR3) OFF Swinging operation cannot be executed.
operation_error,33,"Swinging mode 1, 2 (FCR1, FCR2) OFF Swinging operation cannot be executed."
operation_error,34,"Swinging mode 2, 3 (FCR2, FCR3) OFF Swinging operation cannot be executed."
operation_error,35,"Swinging mode 1, 2, 3 (FCR1, FCR2, FCR3) OFF Swinging operation cannot be executed."
operation_error,36,In-Sub-arm mould open mode (FCSK) ON Travel operation cannot be executed.
operation_error,37,Slide and take-out free mode (FCCS) OFF Slide action operation cannot be executed.
operation_error,38,Slide action (Y17) ON Please execute slide return.
operation_error,39,Slide action (Y17) OFF Please execute slide return.
operation_error,40,NT scissor mode (FCNT) OFF NT scissor operation cannot be executed.
operation_error,41,NT scissor posture operation cannot be executed.
operation_error,42,Not at NT scissor position Execute travel operation at NT scissor position.
operation_error,43,Not move to NT scissor position Please perform a descent operation.
operation_error,44,Not move to NT scissor standby position Please execute retreat operation.
operation_error,45,Not move to NT scissor forward position Please execute forward operation.
operation_error,46,NT scissor pulling (Y13) OFF Please execute NT pulling action
operation_error,47,NT scissor pulling (Y13) ON Please execute NT pulling return
operation_error,48,Take-out side limit area (X19) OFF Please execute the travel operation at take-out side.
operation_error,49,Swinging return limit (X17) OFF Please execute swinging return operation when free interlocking operation
operation_error,50,Swinging action limit (X18) OFF Please execute swinging action operation when free interlocking operation
operation_error,51,"Posture action limit (X09) OFF Please execute manual operation switch over, posture action operation"
operation_error,52,"Posture action limit (X09) OFF Please execute manual operation switch over, posture action operation"
operation_error,53,"Not posture action position When the action of posture action position movement completion is shown, please execute the forward operation."
operation_error,54,"When the arm at take-out side is subject to decent operation, please start to execute the operation of clamp 2 open."
operation_error,55,Release side standby mode (FCYT) OFF Traverse standby operation cannot be executedwhen release side standy (FCYT) OFF Travel standby operation cannot be executed
operation_error,56,"When free operation is performed for take-outt machine and there is no interference with mould, please move the program limit ON position at release side area."
operation_error,57,Not the posture action position Execute the decent or ascent action when the screen for posture action position movement is displayed
operation_error,60,NT cutting free mode (FCNF) is not used NT cutting operation cannot be performed
operation_error,61,"Not at the take-out side, NT cutting position Please perform the travel operation at take-out side or NT cutting position."
operation_error,62,"ascent limit (X03,X11) OFF Please perform ascent operation by using free signal linkage operation."
operation_error,63,Posture return limit (X08) OFF Please perform posture return operation by free operation
operation_error,64,Slide and take-out free mode (FCCS2) OFF Slide and take-out position operation cannot be executed.
operation_error,65,Not move to take-out and clamp position Execute forward operation when the action information of take-out and clamp position completion is displayed
operation_error,66,"Product 2-point release mode (FC2K) is not used Clamp 1 open, clamp 2 open operation cannot be performed"
operation_error,67,Slide and take-out action is not completed Please perform slide and take-out operation.
operation_error,69,Not manual mode Please start the operation at manual mode.
operation_error,89,"Please switch over the selective switch beyond [automatic operation], and please press [reset] key."
operation_error,116,"Packing counter cannot be cleared. When manual operation, packing counter can be cleared when take-out side or ascent limit (X03, X11) is ON When automatic operation, after take-out side or product is open, packing counter can be cleared when return."
operation_error,117,Not at release side position Please perform travel standby operation before the information of travel standby position movement completion is displayed.
operation_error,119,"Mould open end (MO) signal is OFF Make the robot move to release side by free operation, and it shall not interfere with mold. After it is confirmed that there is no interference, press reset key and the signal of mould close permission will be output."
operation_error,120,Please firstly open the mould and then execute the operation.
operation_error,121,Please firstly confirm that the jig is vertical and then execute the operation.
operation_error,122,Please firstly confirm that the jig is horizontal and then execute the operation.
operation_error,123,Traverse to dangerous area The traverse posture is inconsistent with existing posture. Please execute posture status operation until it is consistent with traverse posture under the condition that there is no interference. Then execute the travel operation.
operation_error,124,"Start of in-mould posture limit function Posture operation cannot be executed in mould, and please confirm the mode setting."
operation_error,125,release side safety OD signal is not ON Please confirm whether the release side safety signal is abnormal.
operation_error,126,ascent limit of Take-out side area is OFF Posture action operation cannot be executed.
operation_error,127,"Arm is not at ascent limit Please firstly ascent to appropriate position manually, and then execute the operation."
operation_error,128,Horizontal standby [locking limit mould] mode is started Please firstly open the mould and then execute the operation.
operation_error,129,Please firstly open the mould and then execute the operation.
operation_error,130,Please firstly execute posture action and then execute the operation.
operation_error,140,Travel exceeds area setting Please execute traverse operation to return to safe area
operation_error,141,Travel exceeds area setting upper limit Please execute traverse operation to return to safe area
operation_error,142,The front and rear position of main arm exceeds area setting lower limit Please execute forward operation of main arm to return to safe area
operation_error,143,The front and rear position of main arm exceeds area setting upper limit Please execute backward operation of main arm to return to safe area
operation_error,144,The upper and lower position of main arm exceeds area setting lower limit Please execute decent operation of main arm to return to safe area
operation_error,145,The upper and lower position of main arm exceeds area setting lower limit Please execute ascent operation of main arm to return to safe area
operation_error,146,The front and rear position of Sub-arm exceeds area setting lower limit Please execute forward operation of Sub-arm to return to safe area
operation_error,147,The front and rear position of Sub-arm exceeds area setting upper limit Please execute backward operation of Sub-arm to return to safe area
operation_error,148,The upper and lower position of Sub-arm exceeds area setting lower limit Please execute decent operation of Sub-arm to return to safe area
operation_error,149,The upper and lower position of Sub-arm exceeds area setting upper limit Please execute ascent operation of Sub-arm to return to safe area
operation_error,150,Please enter into free operation screen or instruction screen to execute axis operation.
operation_error,199,Change the set value in the saved segment fetch and exchange file. Whether the data is saved?
operation_error,200,"Mould open completion (MO) OFF, stepping; return is not completed. Please confirm the input of injection molding machine."
operation_error,201,"Injection molding machine safety door (MD) OFF, stepping; return is not completed. Please confirm the input of injection molding machine."
operation_error,202,"release side decent safety (RD) OFF, stepping; return is not completed. Please confirm the external input."
operation_error,203,"Starting automatic operation in [segment fetch and exchange] screen is not completed. [Segment fetch and exchange] screen disappears, so please do not execute automatic operation. Fan stop alarm The fan in servo driver stops. Please inspect the servo driver."
operation_error,250,"The service life of knockout machine expires. Acceptance has been performed, and please get the password. Password is input via [password has been accepted]. Chapter B 38.Alarm information 38.1Alarm information function When power is input, the alarm contents expressed when manual operation and automatic operation is abnormal. The types of alarm information are as follows. Type Description System alarm It means that the control system is abnormal. Axis alarm It means that axis control and drive system is abnormal. Alarm There are the following errors: alarm for abnormal condition of limit switch, alarm for abnormal input of injection molding machine, alarm for period expiration, clamp error, product fall, product placement error. 38.2 Description on alarm information System alarm Alarm No./ name Name Contents Confirmation contents"
setting_error,70,Program limit of take-out side area OFF Please confirm the take-out standby position of traveling axis and take-out area.
setting_error,71,Program limit of release side area OFF Please confirm the point of traveling axis and the release side area
setting_error,72,Program limit of release side area OFF Please confirm the decent position of release side of traveling axis and the release side area.
setting_error,73,"Program limit of release side area OFF When fixed and The change between fixed and moving switching mode cannot be performed. moving switching When program limit of release side area is ON, please change the travel mode. mode (FCKO) is available"
setting_error,74,Program limit of release side area OFF Please confirm the NT scissor position of traveling axis and the release side area
setting_error,75,Program limit of release side area OFF When travel Please confirm the travel standby position of traveling axis and the release side standby mode area (FCYT) is available
setting_error,76,Not manual mode Please start to set at manual mode.
setting_error,77,"ascent limit (X03, X11) OFF Please start the ascent and perform change."
setting_error,78,"Product confirmation mode (FC4), in-clamp product confirmation mode (FC4T), vacuum confirmation mode (FCCV), vacuum 2 circuit mode (FCV2) cannot be changed to unused status completely. [Free interlocking mode] ** All interlocking are released!** ～ Please pay attention to operation execution.～ Downward: press [reset] key or button outside screen, and OFF is displayed; free operation may be performed."
setting_error,80,Please operate while [action possible] key is pressed.
setting_error,81,Take-out side limit (X19) OFF Please confirm the take-out standby position of traveling axis and take-out area.
setting_error,82,"It is not installed for Sub-arm of the machine, so it cannot be executed. Free interlocking operation of Sub-arm."
setting_error,83,Take-out side area (X19) OFF Please confirm the posture action position of traveling axis and take-out area.
setting_error,84,Take-out side limit (X19) OFF Please confirm the posture action position of traveling axis and take-out limit.
setting_error,85,"[Take-out posture setting permission] system mode is not set, and this mode setting cannot be executed. Please observe whether there is interference between jig and safety door when this mode is set."
setting_error,87,Take out from moving side Please change the set value.
setting_error,88,Take out from fixed side Please change the set value.
setting_error,170,"When horizontal standby locking limit mould mode is used, please set the monitoring mode necessary for home return."
setting_error,171,"When horizontal standby locking limit mould mode is used, please set the horizontal status of traverse posture Inappropriate home runner confirmation (X12) is at confirmation status"
system_alarm,01,SUM error MAIN CPU ROM data Please confirm whether there is any problem when calibration error MAIN system program is downloaded. Re-download MAIN system program. Please replace mainboard if it reoccurs. Please turn off the primary power supply.
system_alarm,02,External F-ROM1 MAIN CPU external Please confirm whether there is any problem when accessor error F-ROM1 accessor error external F-ROM1 data is downloaded Re-download external F-ROM1 data. Please PENDANT substrate if it reoccurs. Please turn off the primary power supply.
system_alarm,03,External F-ROM1 External F-ROM1 data Please confirm whether there is any problem when SUM error calibration error external F-ROM1 data is downloaded Re-download external F-ROM1 data. Please PENDANT substrate if it reoccurs. Please turn off the primary power supply.
system_alarm,04,"External F-ROM2 MAIN CPU external Please turn off the primary power supply. access error F-ROM2 access error If it occurs again, please exchange PENDANT substrate."
system_alarm,05,"External F-ROM2 External F-ROM2 data Initialize the initial set value of all segment fetch data calibration error calibration error and exchange data. Reset the segment fetch and exchange data. If it occurs again, please exchange PENDANT substrate."
system_alarm,06,"Backup data is The backup data has abnormal Initialize all the set values. abnormal phenomenon. Reset the segment fetch and exchange data. Press [reset] key to return to initial screen. If it occurs again (except for backup clear), please exchange PENDANT substrate."
system_alarm,07,"The model setting in Please confirm whether the model setting on interlocking substrate is setting screen of operating box system is consistent inconsistent with the internal with the model. setting of operating box. If the model in operating box is reset, please execute backup clear operation! Please turn off the primary power supply."
system_alarm,08,"Ladder diagram Ladder diagram command Please confirm that there is any problem when command error check error, abnormal ladder diagram data is downloaded. command is executed Re-download the ladder diagram data. If it occurs again, please exchange CPU substrate. Please turn off the primary power supply."
system_alarm,09,"SUM error PENDANT CPU ROM data Please confirm that there is any problem when check error PENDANT data is downloaded. Re-download the PENDANT data. If it occurs again, please exchange PENDANT substrate. Please turn off the primary power supply."
system_alarm,10,The voltage of backup The voltage of backup battery Please exchange the backup battery. battery is dropping. is dropping.
system_alarm,11,"PENDANT Communication is abnormal Please perform point inspection for PENDANT communication is (between MAIN substrate~ wiring. abnormal PENDANT) If it occurs again, please exchange main substrate or PENDANT. Please turn off the primary power supply."
system_alarm,21,Communication is Communication is abnormal abnormal (between MAIN substrate~ PENDANT)
system_alarm,22,"Communication is Communication is abnormal Please inspect the communication wiring between abnormal (between MAIN substrate~ substrates. PPC substrate) If it occurs again, please exchange MAIN substrate or PPC substrate. Please turn off the primary power supply."
system_alarm,31,"I/O substrate (ID0) Communication is abnormal Please confirm the ID setting of I/O substrate. communication is (between PPC substrate~I/O Please perform point inspection for communication abnormal substrate (ID0)) wiring between substrates. If it occurs again, please exchange PPC substrate or I/O substrate (ID0). Please turn off the primary power supply."
system_alarm,32,"I/O substrate (ID1) Communication is abnormal Please confirm the ID setting of I/O substrate. communication is (between PPC substrate~I/O Please perform point inspection for communication abnormal substrate (ID1)) wiring between substrates. If it occurs again, please exchange PPC substrate or I/O substrate (ID1). Please turn off the primary power supply."
system_alarm,33,"I/O substrate (ID2) Communication is abnormal Please confirm the ID setting of I/O substrate. communication is (between PPC substrate~I/O Please perform point inspection for communication abnormal substrate (ID2)) wiring between substrates. If it occurs again, please exchange PPC substrate or I/O substrate (ID2). Please turn off the primary power supply."
system_alarm,34,"I/O substrate (ID3) Communication is abnormal Please confirm the ID setting of I/O substrate. communication is (between PPC substrate~I/O Please perform point inspection for communication abnormal substrate (ID3)) wiring between substrates. If it occurs again, please exchange PPC substrate or I/O substrate (ID3). Please turn off the primary power supply."
system_alarm,35,"I/O substrate (ID4) Communication is abnormal Please confirm the ID setting of I/O substrate. communication is (between PPC substrate~I/O Please perform point inspection for communication abnormal substrate (ID4)) wiring between substrates. If it occurs again, please exchange PPC substrate or I/O substrate (ID4). Please turn off the primary power supply."
system_alarm,36,"I/O substrate (ID5) Communication is abnormal Please confirm the ID setting of I/O substrate. communication is (between PPC substrate~I/O Please perform point inspection for communication abnormal substrate (ID5)) wiring between substrates. If it occurs again, please exchange PPC substrate or I/O substrate (ID5). Please turn off the primary power supply."
system_alarm,37,"I/O substrate (ID6) Communication is abnormal Please confirm the ID setting of I/O substrate. communication is (between PPC substrate~I/O Please perform point inspection for communication abnormal substrate (ID6)) wiring between substrates. If it occurs again, please exchange PPC substrate or I/O substrate (ID6). Please turn off the primary power supply."
system_alarm,38,"I/O substrate (ID7) Communication is abnormal Please confirm the ID setting of I/O substrate. communication is (between PPC substrate~I/O Please perform point inspection for communication abnormal substrate (ID7)) wiring between substrates. If it occurs again, please exchange PPC substrate or I/O substrate (ID7). Please turn off the primary power supply."
system_alarm,40,"Voltage of driving Voltage of driving power is too Please confirm the voltage and wiring of main power is abnormal low power supply. Please confirm the voltage and wiring of switching power supply. If it occurs again, please exchange switching power supply or MAIN substrate. Please turn off the primary power supply."
system_alarm,41,"Instantaneous stop of Instantaneous stop of main Please confirm the voltage and wiring of main main power supply power supply power supply. Please confirm the voltage and wiring of main power supply. If it occurs again, please exchange MAIN substrate. Please turn off the primary power supply."
system_alarm,42,Voltage of control Voltage of control power supply power supply is is too low abnormal
system_alarm,43,"High voltage of servo Voltage of servo power Please confirm the voltage and wiring of servo power supply is supply is too high power supply. abnormal Please confirm the connection and wiring of retrogradation resistance. If it occurs again, please exchange power substrate or I/O substrate (ID1). Please turn off the primary power supply."
system_alarm,44,"Low voltage of servo Voltage of servo power Please confirm the voltage and wiring of main power supply is supply is too low power supply. abnormal Please confirm the voltage and wiring of servo power supply. If it occurs again, please exchange power substrate or I/O substrate (ID1). Please turn off the primary power supply."
system_alarm,45,"Retrogradation Retrogradation load has Please confirm the voltage of main power supply, resistance is abnormal exceeded the specified value. voltage of servo power supply, connection and wiring of retrogradation resistance. Please prolong the acceleration and deceleration time."
system_alarm,46,"Resolver backup is The voltage of backup power of Please confirm the voltage of backup power of abnormal resolver is abnormal. resolver. If it occurs again, please exchange power substrate or I/O substrate (ID1). Please turn off the primary power supply. Please confirm it when battery exists, exchange the battery. It also can act even if the power supply is turned off."
system_alarm,47,"Retrogradation Retrogradation resistance is Please confirm the voltage of main power supply, resistance is abnormal overheating voltage of servo power supply, connection and (overheating) wiring of retrogradation resistance. Please prolong the acceleration and deceleration time. If it occurs again, please exchange power substrate or I/O substrate (ID1). Please turn off the primary power supply. ■List for axis alarm"
